 -- TIMESTAMP format: '1970-01-01 00:00:01'  'YYYY-MM-DD hh:mm:ss'

INSERT INTO USR VALUES(100, 'Wes Bailey', 'pass');
INSERT INTO USR VALUES(2345, 'Sean Borbely', 'pass');
INSERT INTO USR VALUES(1258, 'Shelton Shaw', 'pass');
INSERT INTO USR VALUES(7777, 'Miranda Brandt', 'pass');
INSERT INTO USR VALUES(8989, 'Jarvis Rodriguez', 'pass');
INSERT INTO USR VALUES(21212, 'Marjorie Kennedy', 'pass');
INSERT INTO USR VALUES(55588, 'Eileen Carey', 'pass');
INSERT INTO USR VALUES(99999, 'Gary Caldwell', 'pass');
INSERT INTO USR VALUES(74185, 'Eliott McGregor', 'pass');

INSERT INTO ADMIN VALUES(100, 'Admin');

INSERT INTO SPONSOR VALUES(50, 'Yellow Freight');
INSERT INTO SPONSOR VALUES(35, 'Big Rig Trucking');

INSERT INTO SPONSOR_MGR VALUES(2345, 'Sponsor Manager', 50);
INSERT INTO SPONSOR_MGR VALUES(1258, 'Sponsor Manager', 50);
INSERT INTO SPONSOR_MGR VALUES(7777, 'Sponsor Manager', 50);
INSERT INTO SPONSOR_MGR VALUES(8989, 'Sponsor Manager', 35);

INSERT INTO DRIVER VALUES(21212, 'Driver', '2010-01-01', 'Approved', 50);
INSERT INTO DRIVER VALUES(55588, 'Driver', '2019-01-01', 'Approved', 50);
INSERT INTO DRIVER VALUES(99999, 'Driver', '2005-01-01', 'Pending', 35);
INSERT INTO DRIVER VALUES(74185, 'Driver', '2014-01-01', 'Approved', 35);

INSERT INTO EVENT VALUES(10, 74185, '2020-02-03 11:25:36', 'No tickets', 5);
INSERT INTO EVENT VALUES(11, 21212, '2020-02-22 10:53:00', 'No tickets', 5);
INSERT INTO EVENT VALUES(12, 74185, '2020-04-03 11:25:36', 'Used turn signals', 5);
INSERT INTO EVENT VALUES(13, 21212, '2020-04-10 11:25:36', 'Good driving', 5);
INSERT INTO EVENT VALUES(14, 74185, '2020-02-03 11:25:36', 'No tickets', 5);
INSERT INTO EVENT VALUES(15, 55588, '2020-03-06 11:25:36', 'No tickets', 5);
INSERT INTO EVENT VALUES(16, 55588, '2020-02-07 11:25:36', 'No tickets', 5);

INSERT INTO ANNOUNCEMENT VALUES(21, '2020-04-06', 'Try not to hit anyone.', 2345);
INSERT INTO ANNOUNCEMENT VALUES(22, '20220-04-15', 'Keep up the good driving!', 8989);

INSERT INTO THREAD VALUES(30, 21212, 2345);
INSERT INTO THREAD VALUES(31, 74185, 8989);

INSERT INTO MESSAGE VALUES(50, 30, '2020-04-07 11:25:36', 'Bad news', 'I just hit a car.');
INSERT INTO MESSAGE VALUES(51, 31, '2020-02-06 13:25:36', 'Time off request', 'Can I have Friday off?');
INSERT INTO MESSAGE VALUES(52, 31, '2020-02-06 15:25:36', 'Re: Time off request', 'No.');

INSERT INTO CATALOG VALUES(123456, 'Yellow Freight Rewards', 'Amazon', 1258);
INSERT INTO CATALOG VALUES(456789, 'Big Bag of Stuff', 'Ebay', 8989);

INSERT INTO CATALOG_ITEM VALUES(900, 'Truck Polish', 'Makes your rig shine!', 'https://cdn2.bigcommerce.com/server1500/c824d/products/196425/images/133788/Rebel-Red-12-oz-LFGRPCLRR12__08085.1548278623.1280.1280.jpg?c=2', 50, 14.95);
INSERT INTO CATALOG_ITEM VALUES(901, 'Trucker shirt', 'Can you drive this?', 'https://contestimg.wish.com/api/webimage/5d269f518042a37570513776-1-large.jpg', 20, 9.00);

INSERT INTO ORDR VALUES(800, 74185, '2020-6-02', 'Closed-complete');
INSERT INTO ORDR VALUES(801, 21212, '2020-4-03', 'Closed-complete');

INSERT INTO ORDR_ITEM VALUES(700, 800, 123456, 900, 1, 50, 14.95);
INSERT INTO ORDR_ITEM VALUES(701, 800, 123456, 901, 1, 20, 9.00);
INSERT INTO ORDR_ITEM VALUES(702, 801, 456789, 901, 1, 20, 9.00);

INSERT INTO CONTAINS_ITEM VALUES(123456, 900);
INSERT INTO CONTAINS_ITEM VALUES(123456, 901);
INSERT INTO CONTAINS_ITEM VALUES(456789, 900);
INSERT INTO CONTAINS_ITEM VALUES(456789, 901);
